{
  "categories": [
    { "name": "Marvel" },
    { "name": "DC" }
  ],
  "products": [
    {
      "name": "Capitan America",
      "description": "El primer año de la revolucionaria etapa que devolvió toda su gloria al Centinela de la Libertad...",
      "price": 9800.00,
      "discount": 30,
      "stock": 64,
      "image": "marvelcapitanamerica",
      "pages": 64,
      "format": "20x29x2cm",
      "weight": 0.60,
      "isbn": "9788416998166",
      "category_id": 1,
      "calification": null
    },
    {
      "name": "Daredevil Comic",
      "description": "¡El hombre sin miedo desapareció! Daredevil ya no está más en Hells Kitchen...",
      "price": 3040.00,
      "discount": 10,
      "stock": 120,
      "image": "dared",
      "pages": 120,
      "format": "26x17x2cm",
      "weight": 0.45,
      "isbn": "9786075688336",
      "category_id": 1,
      "calification": null
    },
    {
      "name": "Dead Pool Comic",
      "description": "Es una historia de amor, Deadpool, ¡solo di que sí!...",
      "price": 9800.00,
      "discount": 10,
      "stock": 64,
      "image": "marveldeadpool",
      "pages": 64,
      "format": "20x29x2cm",
      "weight": 0.60,
      "isbn": "9788416998166",
      "category_id": 1,
      "calification": null
    },
    {
      "name": "Flash: Flashpoint",
      "description": "¡Todo lo que Barry Allen conoce ha cambiado en un instante!...",
      "price": 9800.00,
      "discount": 30,
      "stock": 240,
      "image": "dcflash",
      "pages": 240,
      "format": "20x29x2cm",
      "weight": 0.60,
      "isbn": "978-987-819-167-6",
      "category_id": 2,
      "calification": null
    },
    {
      "name": "Ironman: The invincible",
      "description": "Con un trozo de metralla incrustado en su pecho, peligrosamente cerca del corazón...",
      "price": 9800.00,
      "discount": 30,
      "stock": 64,
      "image": "marvelironman",
      "pages": 64,
      "format": "20x29x2cm",
      "weight": 0.60,
      "isbn": "9788416998166",
      "category_id": 1,
      "calification": null
    },
    {
      "name": "Justice League: The New 52",
      "description": "El título insignia del relanzamiento de New 52 de DC...",
      "price": 9800.00,
      "discount": 30,
      "stock": 64,
      "image": "dcjusticeleague",
      "pages": 64,
      "format": "20x29x2cm",
      "weight": 0.60,
      "isbn": "1401237886",
      "category_id": 2,
      "calification": null
    },
    {
      "name": "Spiderman",
      "description": "Un gigantesco volumen, que reúne tanto Universo Spiderman como Spidergedón...",
      "price": 30600.00,
      "discount": 10,
      "stock": 300,
      "image": "marvelspiderman",
      "pages": 300,
      "format": "20x29x5cm",
      "weight": 0.80,
      "isbn": "9788416998166",
      "category_id": 1,
      "calification": null
    },
    {
      "name": "Stan Lee meets Spiderman",
      "description": "¡El primero de una serie de especiales independientes que celebran el 65 aniversario del empleo de Stan Lee en Marvel!...",
      "price": 9800.00,
      "discount": 10,
      "stock": 64,
      "image": "marvelspidermanamazing",
      "pages": 64,
      "format": "20x29x2cm",
      "weight": 0.60,
      "isbn": "9788416998166",
      "category_id": 1,
      "calification": null
    },
    {
      "name": "Supergirl: Brainiac",
      "description": "¡La Tierra está siendo atacada por mil millones de Braniacs!...",
      "price": 9800.00,
      "discount": 30,
      "stock": 64,
      "image": "dcsupergirlpg",
      "pages": 64,
      "format": "20x29x2cm",
      "weight": 0.60,
      "isbn": "9788416998166",
      "category_id": 2,
      "calification": null
    },
    {
      "name": "Superman: The last",
      "description": "¡LAS MEJORES AVENTURAS DEL HOMBRE DE ACERO Y LA PRINCESA GUERRERA!...",
      "price": 9800.00,
      "discount": 30,
      "stock": 64,
      "image": "supermandc",
      "pages": 64,
      "format": "20x29x2cm",
      "weight": 0.60,
      "isbn": "9788416998166",
      "category_id": 2,
      "calification": null
    },
    {
      "name": "Batman: Rebirth",
      "description": "¡Batman renace! Bruce Wayne ha regresado, pero las cosas han cambiado en Gotham City...",
      "price": 9800.00,
      "discount": 30,
      "stock": 64,
      "image": "dcbatman",
      "pages": 64,
      "format": "20x29x2cm",
      "weight": 0.60,
      "isbn": "9788416998166",
      "category_id": 2,
      "calification": null
    },
    {
      "name": "Wonder Woman",
      "description": "Diana Prince vuelve en una nueva aventura épica...",
      "price": 9500.00,
      "discount": 20,
      "stock": 50,
      "image": "dcwonderwoman",
      "pages": 128,
      "format": "25x30x3cm",
      "weight": 0.70,
      "isbn": "9781401294195",
      "category_id": 2,
      "calification": null
    },
    {
      "name": "Thor: God of Thunder",
      "description": "Thor debe enfrentar una amenaza ancestral en los confines del universo...",
      "price": 8700.00,
      "discount": 15,
      "stock": 75,
      "image": "marvelthor",
      "pages": 150,
      "format": "23x28x2cm",
      "weight": 0.65,
      "isbn": "9780785166971",
      "category_id": 1,
      "calification": null
    }
  ]
}
